{
    "$schema": "http://schema.management.azure.com/schemas/2014-04-01-preview/deploymentTemplate.json#",
    "contentVersion": "1.0.0.0",
    "parameters": {
        "siteName": {
            "type": "string"
        },
        "hostingPlanName": {
            "type": "string"
        },
        "siteLocation": {
            "type": "string"
        },
        "sku": {
            "type": "string",
            "allowedValues": [
                "Free",
                "Shared",
                "Basic",
                "Standard"
            ],
            "defaultValue": "Free"
        },
        "workerSize": {
            "type": "string",
            "allowedValues": [
                "0",
                "1",
                "2"
            ],
            "defaultValue": "0"
        },        
        "repoUrl": {
            "type": "string"
        },
        "branch": {
            "type": "string"
        }
    },
    "resources": [{
        "apiVersion": "2015-04-01",
        "name": "[parameters('hostingPlanName')]",
        "type": "Microsoft.Web/serverFarms",
        "location": "[parameters('siteLocation')]",
        "properties": {
            "sku": "[parameters('sku')]",
            "workerSize": "[parameters('workerSize')]",
            "numberOfWorkers": 1
        }
    }, {
        "apiVersion": "2015-08-01",
        "name": "[parameters('siteName')]",
        "type": "Microsoft.Web/Sites",
        "location": "[parameters('siteLocation')]",
        "dependsOn": [
            "[resourceId('Microsoft.Web/serverfarms', parameters('hostingPlanName'))]"
        ],
        "tags": {
            "[concat('hidden-related:', resourceGroup().id, '/providers/Microsoft.Web/serverfarms/', parameters('hostingPlanName'))]": "empty"
        },
        "properties": {
            "serverFarmId": "[parameters('hostingPlanName')]",
            "siteConfig": {
              "appSettings": []
            }
        },
        "resources": [{
            "apiVersion": "2015-08-01",
            "name": "web",
            "type": "sourcecontrols",
            "dependsOn": [
                "[resourceId('Microsoft.Web/Sites', parameters('siteName'))]"
            ],
            "properties": {
                "RepoUrl": "[parameters('repoUrl')]",
                "branch": "[parameters('branch')]",
                "IsManualIntegration": true
            }
        }]
    }]
}
